{"cameraMode":{"drawMode":0,"name":"Shaded","section":"Shading Mode"},"sceneLighting":false,"audioPlay":false,"sceneViewState":{"showFog":true,"showMaterialUpdate":false,"showSkybox":false,"showFlares":true,"showImageEffects":true,"showParticleSystems":true},"in2DMode":false,"pivot":{"x":0.05890471488237381,"y":6.689329147338867,"z":-4.813016891479492},"rotation":{"x":-0.31723088026046755,"y":0.10909178853034973,"z":-0.03650236874818802,"w":-0.9415463209152222},"size":24.8917179107666,"orthographic":false}