{"cameraMode":{"drawMode":0,"name":"Shaded","section":"Shading Mode"},"sceneLighting":true,"audioPlay":false,"sceneViewState":{"showFog":true,"showMaterialUpdate":false,"showSkybox":true,"showFlares":true,"showImageEffects":true,"showParticleSystems":true},"in2DMode":false,"pivot":{"x":1375.771240234375,"y":1610.04833984375,"z":2004.9849853515625},"rotation":{"x":0.08150244504213333,"y":-0.9127304553985596,"z":0.33944204449653628,"w":0.2140992134809494},"size":68.42878723144531,"orthographic":false}