{"cameraMode":{"drawMode":0,"name":"Shaded","section":"Shading Mode"},"sceneLighting":false,"audioPlay":false,"sceneViewState":{"showFog":true,"showMaterialUpdate":false,"showSkybox":false,"showFlares":true,"showImageEffects":true,"showParticleSystems":true},"in2DMode":false,"pivot":{"x":-4.512356758117676,"y":20.221038818359376,"z":1.437988519668579},"rotation":{"x":-0.3280809819698334,"y":-0.6484041213989258,"z":0.3662956655025482,"w":-0.5815874934196472},"size":10.848283767700196,"orthographic":false}