{"cameraMode":{"drawMode":0,"name":"Shaded","section":"Shading Mode"},"sceneLighting":true,"audioPlay":false,"sceneViewState":{"showFog":true,"showMaterialUpdate":false,"showSkybox":true,"showFlares":true,"showImageEffects":true,"showParticleSystems":true},"in2DMode":false,"pivot":{"x":69.34020233154297,"y":23.35424041748047,"z":103.85981750488281},"rotation":{"x":-0.05055101215839386,"y":-0.9301136136054993,"z":0.14007532596588136,"w":-0.3361315429210663},"size":22.0,"orthographic":false}