{"cameraMode":{"drawMode":0,"name":"Shaded","section":"Shading Mode"},"sceneLighting":false,"audioPlay":false,"sceneViewState":{"showFog":true,"showMaterialUpdate":false,"showSkybox":false,"showFlares":true,"showImageEffects":true,"showParticleSystems":true},"in2DMode":false,"pivot":{"x":-6.839477062225342,"y":44.596290588378909,"z":61.4633674621582},"rotation":{"x":-0.01817021518945694,"y":-0.953414261341095,"z":0.29592519998550417,"w":-0.05879896506667137},"size":5.715769290924072,"orthographic":false}