{"cameraMode":{"drawMode":0,"name":"Shaded","section":"Shading Mode"},"sceneLighting":false,"audioPlay":false,"sceneViewState":{"showFog":true,"showMaterialUpdate":false,"showSkybox":false,"showFlares":true,"showImageEffects":true,"showParticleSystems":true},"in2DMode":false,"pivot":{"x":54.375858306884769,"y":17.225177764892579,"z":4.1092915534973148},"rotation":{"x":-0.2525676488876343,"y":-0.06869320571422577,"z":0.018017752096056939,"w":-0.9651451110839844},"size":23.552242279052736,"orthographic":false}