{"cameraMode":{"drawMode":0,"name":"Shaded","section":"Shading Mode"},"sceneLighting":false,"audioPlay":false,"sceneViewState":{"showFog":true,"showMaterialUpdate":false,"showSkybox":false,"showFlares":true,"showImageEffects":true,"showParticleSystems":true},"in2DMode":false,"pivot":{"x":0.10131001472473145,"y":0.7566046714782715,"z":-0.06494379043579102},"rotation":{"x":0.001538555952720344,"y":0.8882976770401001,"z":-0.4601689577102661,"w":0.00805459264665842},"size":12.801934242248536,"orthographic":false}