{"cameraMode":{"drawMode":0,"name":"Shaded","section":"Shading Mode"},"sceneLighting":false,"audioPlay":false,"sceneViewState":{"showFog":true,"showMaterialUpdate":false,"showSkybox":false,"showFlares":true,"showImageEffects":true,"showParticleSystems":true},"in2DMode":false,"pivot":{"x":-0.08876224607229233,"y":2.348151445388794,"z":9.53622055053711},"rotation":{"x":-0.16291281580924989,"y":-0.7605680227279663,"z":0.2106235772371292,"w":-0.5925907492637634},"size":10.848283767700196,"orthographic":false}