{"cameraMode":{"drawMode":0,"name":"Shaded","section":"Shading Mode"},"sceneLighting":false,"audioPlay":false,"sceneViewState":{"showFog":true,"showMaterialUpdate":false,"showSkybox":false,"showFlares":true,"showImageEffects":true,"showParticleSystems":true},"in2DMode":false,"pivot":{"x":-9.528844833374024,"y":27.532445907592775,"z":33.217811584472659},"rotation":{"x":-0.013188876211643219,"y":-0.9148393869400024,"z":0.40302804112434389,"w":-0.030751684680581094},"size":10.848283767700196,"orthographic":false}