{"cameraMode":{"drawMode":0,"name":"Shaded","section":"Shading Mode"},"sceneLighting":false,"audioPlay":false,"sceneViewState":{"showFog":true,"showMaterialUpdate":false,"showSkybox":false,"showFlares":true,"showImageEffects":true,"showParticleSystems":true},"in2DMode":false,"pivot":{"x":5.6311259269714359,"y":-15.242332458496094,"z":-6.4351654052734379},"rotation":{"x":-0.003648281330242753,"y":-0.8642944097518921,"z":0.5034555792808533,"w":-0.0070973658002913},"size":46.79294204711914,"orthographic":false}