{"cameraMode":{"drawMode":0,"name":"Shaded","section":"Shading Mode"},"sceneLighting":true,"audioPlay":false,"sceneViewState":{"showFog":true,"showMaterialUpdate":false,"showSkybox":true,"showFlares":true,"showImageEffects":true,"showParticleSystems":true},"in2DMode":false,"pivot":{"x":-480.93255615234377,"y":1214.254638671875,"z":318.8528747558594},"rotation":{"x":-0.456792414188385,"y":-0.04262111708521843,"z":0.02548982948064804,"w":-0.8886768817901611},"size":34.77107238769531,"orthographic":false}